{
  "meta": {
    "generated_at": "2026-03-11T13:39:38",
    "opencv_hsv": {
      "H": [
        0,
        179
      ],
      "S": [
        0,
        255
      ],
      "V": [
        0,
        255
      ]
    },
    "k_sigma": 2.5,
    "min_s": 40,
    "min_v": 40
  },
  "colors": {
    "red": {
      "ranges": [
        [
          [
            128,
            117,
            83
          ],
          [
            179,
            184,
            201
          ]
        ],
        [
          [
            0,
            117,
            83
          ],
          [
            39,
            184,
            201
          ]
        ]
      ],
      "roi_stats": {
        "rect": [
          356,
          529,
          464,
          574
        ],
        "mean": [
          173.33395385742188,
          150.7144012451172,
          142.31028747558594
        ],
        "std": [
          18.231292724609375,
          13.364466667175293,
          23.663728713989258
        ],
        "n": 4860,
        "min_sv": [
          40,
          40
        ],
        "k_sigma": 2.5
      }
    },
    "green_dark": {
      "ranges": [
        [
          [
            79,
            87,
            40
          ],
          [
            89,
            255,
            166
          ]
        ]
      ],
      "roi_stats": {
        "rect": [
          1043,
          680,
          1146,
          732
        ],
        "mean": [
          83.99281311035156,
          176.10060119628906,
          80.6288833618164
        ],
        "std": [
          2.168107509613037,
          35.662391662597656,
          34.10641098022461
        ],
        "n": 4314,
        "min_sv": [
          40,
          40
        ],
        "k_sigma": 2.5
      }
    },
    "green_light": {
      "ranges": [
        [
          [
            43,
            61,
            40
          ],
          [
            67,
            206,
            222
          ]
        ]
      ],
      "roi_stats": {
        "rect": [
          1025,
          786,
          1133,
          841
        ],
        "mean": [
          54.703102111816406,
          133.37330627441406,
          119.23262786865234
        ],
        "std": [
          4.822515964508057,
          29.110187530517578,
          40.934200286865234
        ],
        "n": 5928,
        "min_sv": [
          40,
          40
        ],
        "k_sigma": 2.5
      }
    },
    "blue": {
      "ranges": [
        [
          [
            108,
            161,
            40
          ],
          [
            120,
            255,
            251
          ]
        ]
      ],
      "roi_stats": {
        "rect": [
          983,
          725,
          1087,
          772
        ],
        "mean": [
          113.76104736328125,
          217.0143280029297,
          141.64157104492188
        ],
        "std": [
          2.322984457015991,
          22.41744613647461,
          43.62862777709961
        ],
        "n": 4888,
        "min_sv": [
          40,
          40
        ],
        "k_sigma": 2.5
      }
    },
    "yellow": {
      "ranges": [
        [
          [
            20,
            70,
            141
          ],
          [
            33,
            255,
            229
          ]
        ]
      ],
      "roi_stats": {
        "rect": [
          776,
          661,
          878,
          709
        ],
        "mean": [
          26.45543670654297,
          199.64881896972656,
          185.01124572753906
        ],
        "std": [
          2.55228590965271,
          51.87652587890625,
          17.792724609375
        ],
        "n": 4892,
        "min_sv": [
          40,
          40
        ],
        "k_sigma": 2.5
      }
    },
    "brown": {
      "ranges": [
        [
          [
            102,
            40,
            40
          ],
          [
            127,
            96,
            119
          ]
        ]
      ],
      "roi_stats": {
        "rect": [
          1148,
          790,
          1250,
          844
        ],
        "mean": [
          114.35440063476562,
          58.53373336791992,
          60.459434509277344
        ],
        "std": [
          5.042934894561768,
          15.129145622253418,
          23.548789978027344
        ],
        "n": 1171,
        "min_sv": [
          40,
          40
        ],
        "k_sigma": 2.5
      }
    },
    "black": {
      "ranges": [
        [
          [
            101,
            62,
            40
          ],
          [
            113,
            150,
            74
          ]
        ]
      ],
      "roi_stats": {
        "rect": [
          1090,
          429,
          1194,
          472
        ],
        "mean": [
          107.16039276123047,
          106.0011215209961,
          50.0997200012207
        ],
        "std": [
          2.2783432006835938,
          17.751657485961914,
          9.757821083068848
        ],
        "n": 3560,
        "min_sv": [
          40,
          40
        ],
        "k_sigma": 2.5
      }
    },
    "white": {
      "ranges": [
        [
          [
            72,
            40,
            171
          ],
          [
            125,
            74,
            255
          ]
        ]
      ],
      "roi_stats": {
        "rect": [
          1086,
          498,
          1192,
          548
        ],
        "mean": [
          98.72442626953125,
          52.54937744140625,
          219.73033142089844
        ],
        "std": [
          10.652668952941895,
          8.55733871459961,
          19.480857849121094
        ],
        "n": 1691,
        "min_sv": [
          40,
          40
        ],
        "k_sigma": 2.5
      }
    },
    "orange": {
      "ranges": [
        [
          [
            3,
            117,
            145
          ],
          [
            19,
            242,
            207
          ]
        ]
      ],
      "roi_stats": {
        "rect": [
          1086,
          578,
          1191,
          627
        ],
        "mean": [
          10.81243896484375,
          179.58425903320312,
          175.9364471435547
        ],
        "std": [
          3.2652127742767334,
          25.021169662475586,
          12.443663597106934
        ],
        "n": 5145,
        "min_sv": [
          40,
          40
        ],
        "k_sigma": 2.5
      }
    }
  }
}