{
  "meta": {
    "generated_at": "2026-03-11T11:54:31",
    "opencv_hsv": {
      "H": [
        0,
        179
      ],
      "S": [
        0,
        255
      ],
      "V": [
        0,
        255
      ]
    },
    "k_sigma": 2.5,
    "min_s": 40,
    "min_v": 40
  },
  "colors": {
    "red": {
      "ranges": [
        [
          [
            128,
            117,
            83
          ],
          [
            179,
            184,
            201
          ]
        ],
        [
          [
            0,
            117,
            83
          ],
          [
            39,
            184,
            201
          ]
        ]
      ],
      "roi_stats": {
        "rect": [
          356,
          529,
          464,
          574
        ],
        "mean": [
          173.33395385742188,
          150.7144012451172,
          142.31028747558594
        ],
        "std": [
          18.231292724609375,
          13.364466667175293,
          23.663728713989258
        ],
        "n": 4860,
        "min_sv": [
          40,
          40
        ],
        "k_sigma": 2.5
      }
    },
    "green": {
      "ranges": [
        [
          [
            77,
            40,
            40
          ],
          [
            95,
            186,
            178
          ]
        ]
      ],
      "roi_stats": {
        "rect": [
          553,
          596,
          658,
          646
        ],
        "mean": [
          86.09276580810547,
          98.53794860839844,
          101.3738021850586
        ],
        "std": [
          3.545604705810547,
          35.157127380371094,
          30.601909637451172
        ],
        "n": 5099,
        "min_sv": [
          40,
          40
        ],
        "k_sigma": 2.5
      }
    },
    "blue": {
      "ranges": [
        [
          [
            108,
            161,
            40
          ],
          [
            120,
            255,
            251
          ]
        ]
      ],
      "roi_stats": {
        "rect": [
          983,
          725,
          1087,
          772
        ],
        "mean": [
          113.76104736328125,
          217.0143280029297,
          141.64157104492188
        ],
        "std": [
          2.322984457015991,
          22.41744613647461,
          43.62862777709961
        ],
        "n": 4888,
        "min_sv": [
          40,
          40
        ],
        "k_sigma": 2.5
      }
    },
    "yellow": {
      "ranges": [
        [
          [
            20,
            70,
            141
          ],
          [
            33,
            255,
            229
          ]
        ]
      ],
      "roi_stats": {
        "rect": [
          776,
          661,
          878,
          709
        ],
        "mean": [
          26.45543670654297,
          199.64881896972656,
          185.01124572753906
        ],
        "std": [
          2.55228590965271,
          51.87652587890625,
          17.792724609375
        ],
        "n": 4892,
        "min_sv": [
          40,
          40
        ],
        "k_sigma": 2.5
      }
    }
  }
}